firstname,lastname,age,email,phome
a,b,20,a@gmail.com,44
b,c,30,b@gmail.com,445
c,d,40,c@gmail.com,447
a,b,50,a@gmail.com,715
b,c,60,b@gmail.com,916.5
c,d,70,c@gmail.com,1118
a,b,80,a@gmail.com,1319.5
b,c,90,b@gmail.com,1521
c,d,100,c@gmail.com,1722.5
a,b,110,a@gmail.com,1924
b,c,120,b@gmail.com,2125.5
c,d,130,c@gmail.com,2327
a,b,140,a@gmail.com,2528.5
b,c,150,b@gmail.com,2730
c,d,160,c@gmail.com,2931.5
a,b,170,a@gmail.com,3133
b,c,180,b@gmail.com,3334.5
c,d,190,c@gmail.com,3536
a,b,200,a@gmail.com,3737.5
b,c,210,b@gmail.com,3939
c,d,220,c@gmail.com,4140.5
a,b,230,a@gmail.com,4342
b,c,240,b@gmail.com,4543.5
c,d,250,c@gmail.com,4745
a,b,260,a@gmail.com,4946.5
b,c,270,b@gmail.com,5148
a,b,200,a@gmail.com,3737.5
b,c,210,b@gmail.com,3939
c,d,220,c@gmail.com,4140.5
a,b,230,a@gmail.com,4342
b,c,240,b@gmail.com,4543.5
c,d,250,c@gmail.com,4745
a,b,260,a@gmail.com,4946.5
