Property Address,Property Name,Number Of Units,Building Class,City,State,Zip,Avg Unit SF,Avg Asking/SF,Avg Asking/Unit,For Sale Price,Cap Rate,$Price/Unit,Sale Company Name,Sale Company Phone,Sale Company Contact,Vacancy %,Year Built,Year Renovated,Number Of 1 Bedrooms Units,Number Of 2 Bedrooms Units,Number Of 3 Bedrooms Units,Number Of 4 Bedrooms Units,Owner Name,Owner Address,Owner City State Zip,Owner Contact,Owner Phone,Property Manager Name,Property Manager Phone,Recorded Owner Name,Recorded Owner Contact,Recorded Owner Phone,Recorded Owner Address,Recorded Owner City State Zip,One Bedroom Effective Rent/Unit,Studio Effective Rent/Unit,Two Bedroom Asking Rent/Unit,Three Bedroom Effective Rent/Unit
126 E 6th St,Sixth Street Exchange,52,B,Cincinnati,OH,45202,617.00,2.31,"1,428",,,,,,,,2019,,41,,,,Neyer Holdings Corporation,646-648 Main St Suite # 200,"Cincinnati, OH 45202",Tom Neyer,5134212000,Sunset Property - Sixth Street Exchange,5133217000,130 East Sixth Street Llc,,5134212000,126 E 6th St,"Cincinnati, OH 45202    ","1,564",905,,
135 Garfield Pl,The Gramercy on Garfield,148,B,Cincinnati,OH,45202-5724,780.00,1.80,"1,406",,,,,,,8.8,2001,,95,19,,,Towne Properties,1055 Saint Paul Pl Suite # 100,"Cincinnati, OH 45202-6042",Adam Bortz,5133818696,Towne - The Gramercy,5133614082,Cincinnati City Of,,,801 Plum St,"Cincinnati, OH 45202    ","1,393","1,146","1,854",
1301 Walnut St,Columbia Flats,36,C,Cincinnati,OH,45202-7120,714.00,1.77,"1,248",,,,,,,10.0,1880,,28,8,,,Cincinnati Center City Development Corp,1203 Walnut St,"Cincinnati, OH 45202-7153",Adam Gelter,5136214400,McCormack Baron Management,3144211160,Columbia Flats LLC,,,1203 Walnut St,"Cincinnati, OH 45202-7153","1,114",,"1,678",
127-129 E Clifton Ave,,20,C,Cincinnati,OH,45202-8957,570.00,0.70,399,,,,,,,97.9,1890,,6,14,,,Historic Limited Liability Company,2575 Queen City Ave,"Cincinnati, OH 45238    ",,5136628804,Historic Limited Liability Company,5136628804,Historic Limited Liability Company,,5136628804,2575 Queen City Ave,"Cincinnati, OH 45238    ",336,,425,
17-19 E Court St,,10,B,Cincinnati,OH,45202-1130,,,,1900000,,"$190,000.00",Cushman & Wakefield,5134214884,Donald Murphy,4.3,1880,,,,,,QC PROPERTIES LTD,P.O.Box 46314,"Cincinnati, OH 45246",Christopher Jones,5132588549,QC PROPERTIES LTD,5132588549,QC PROPERTIES LTD,Christopher Jones,5132588549,P.O.Box 46314,"Cincinnati, OH 45246",,,,
111 Garfield Pl,Garfield Tower Apartments,160,B,Cincinnati,OH,45202-1946,639.00,1.57,"1,005",,,,,,,2.4,1969,,108,3,,,CMC Properties,10925 Reed Hartman Hwy Suite # 200,"Blue Ash, OH 45242-2836",James Cohen,5139843030,CMC - Garfield Tower,5136210031,"Lakeshore Garfield, LLC",,,10925 Reed Hartman Hwy Suite # 200,"Blue Ash, OH 45242-2836","1,008",961,"1,250",
1227 Jackson St,Jackson Lofts,25,C,Cincinnati,OH,45202-7130,925.00,,,,,,,,,4.3,1906,,,25,,,Urban Sites Properties,1209 Sycamore St,"Cincinnati, OH 45202-7320",,5136216246,Urban Sites Properties,5136216246,Jackson Street Interests Llc,,,1209 Sycamore St,"Cincinnati, OH 45202-7320",,,,
630 Vine St,The Provident,161,B,Cincinnati,OH,45202-2425,541.00,2.06,"1,114",,,,,,,1.6,2020,,75,9,,,Tegethoff Gerald W & Mary Ann,617 Pike Rd,"Sarver, PA 16055    ",,7242954417,Tegethoff - The Provident,5135994245,HG Pearl Provident llc,,,630 Vine St,"Cincinnati, OH 45202-2425","1,196",960,"1,700",
550 E 4th St,550 Apartments,22,B,Cincinnati,OH,45202-3316,"2,006.00",1.57,"3,160",,,,,,,48.6,,,8,11,3,,Eagle Realty Group,421 E Fourth St,"Cincinnati, OH 45202-3306",Charles Thomas,5133617700,Eagle - 550 Apartments,5132414002,Fourth & Pike Apartments Llc,,,421 E 4th St,"Cincinnati, OH 45202","2,376",,"3,429","4,160"
322 W 4th St,Lombardy Flats,54,C,Cincinnati,OH,45202-2619,766.00,1.52,"1,165",,,,,,,1.6,,,39,14,,,The Loring Group,9916 Carver Rd Suite # 103,"Cincinnati, OH 45242-5546",Scott Davis,5139529600,Uptown - The Lombardy,5132417272,Brianna Manns,,,,,"1,001",846,"1,635",
327-331 W 4th St,Kinsey Flats,15,C,Cincinnati,OH,45202,,,,,,,,,,4.3,,2009,,,,,Tier One Asset Management,331 W 4th St Suite # A,"Cincinnati, OH 45202-2605",Dion Pangallo,5134901110,,,Kinsey Flats Llc,,5136467081,331 4th St,"Cincinnati, OH 45202",,,,
330 W 4th St,The Biltmore,28,C,Cincinnati,OH,45202-2680,"1,144.00",1.24,"1,415",,,,,,,,1881,,16,12,,,The Loring Group,9916 Carver Rd Suite # 103,"Cincinnati, OH 45242-5546",Scott Davis,5139529600,Uptown - The Biltmore,5132417272,330 W Fourth Street Llc,,,4279 Delhi Ave,"Cincinnati, OH 45238    ",998,,"1,900",
338-344 W 4th St,,21,C,Cincinnati,OH,45202-2603,692.00,,,,,,,,,4.3,1870,,21,,,,The Loring Group,9916 Carver Rd Suite # 103,"Cincinnati, OH 45242-5546",Scott Davis,5139529600,"4th Street Management, LLC",5132277280,Sinton Flats LLC,,5136183688,4760 Paddock Rd,"Cincinnati, OH 45229-1004",,,,
340-344 W 4th St,Sinton Flats,15,C,Cincinnati,OH,45202-5608,643.00,1.70,"1,091",,,,,,,,1900,,15,,,,The Loring Group,9916 Carver Rd Suite # 103,"Cincinnati, OH 45242-5546",Scott Davis,5139529600,Uptown - Sinton Flats,5132417272,2154 & 2156 Sinton Llc,,,846 Crossings Dr,"Crescent Springs, KY 41017-1460","1,088",,,
348 W 4th St,The Wells Building,18,C,Cincinnati,OH,45202-2639,790.00,1.40,"1,108",,,,,,,,1876,,12,6,,,The Loring Group,9916 Carver Rd Suite # 103,"Cincinnati, OH 45242-5546",Scott Davis,5139529600,Uptown - Wells Flats,5132417272,4ac Newco Llc,,,348 W 4th St,"Cincinnati, OH 45202-2639","1,005",,"1,309",
22 W 7th St,Lancaster Apartments,14,B,Cincinnati,OH,45202,839.00,1.49,"1,250",,,,,,,4.3,1898,,14,,,,Lancaster Apt Llc,10901 Reed Hartman Hwy Suite # 316,"Blue Ash, OH 45242-2831",Gabe Shepherd,,22 W 7th St - Gabe Shepherd,,Lancaster Apt Llc,,,10901 Reed Hartman Hwy Suite # 316,"Blue Ash, OH 45242-2831","1,200",,,
317 E 8th St,East 8 Lofts,53,C,Cincinnati,OH,45202,907.00,1.65,"1,498",,,,,,,12.9,1999,,40,6,,,North American Properties,212 E Third St Suite # 300,"Cincinnati, OH 45202-5500",Tom Williams,5137212744,NAP -  East 8 Lofts,5136215638,East 8 Ltd,,,212 3rd St,"Cincinnati, OH 45202    ","1,460","1,223","1,959",
225 W 9th St,,8,C,Cincinnati,OH,45202,,,,,,,,,,4.3,,,,,,,Tollbridge Developer Ltd,4279 Delhi Ave,"Cincinnati, OH 45238    ",,,,,Tollbridge Developer Ltd,,,4279 Delhi Ave,"Cincinnati, OH 45238    ",,,,
118-120 E 12th St,,8,C,Cincinnati,OH,45202-7230,,,,,,,,,,4.3,,,,,,,Clay Street Homes Llc,2170 Gilbert Ave,"Cincinnati, OH 45206    ",,8594665743,,,Clay Street Homes Llc,,8594665743,2170 Gilbert Ave,"Cincinnati, OH 45206    ",,,,
408 E 12th St,,6,F,Cincinnati,OH,45202-7448,817.00,,,,,,,,,2.2,,,1,1,1,2,Broadway Square Ii Llc,2170 Gilbert Ave,"Cincinnati, OH 45206-3042",,8594665743,Brickstone Properties,5134216999,Broadway Square Ii Llc,,8594665743,2170 Gilbert Ave,"Cincinnati, OH 45206-3042",,,,
420 E 12th St,,140,C,Cincinnati,OH,45202-7460,"1,227.00",,,,,,,,,3.3,1860,,35,35,35,35,"Mercy Housing, Inc.",1600 Broadway Suite # 2000,"Denver, CO 80202-4927",Kate Peterson,3038303300,Mercy Housing - 420 E 12th St,5136516457,,,,,,,,,
24-30 W 12th St,Harkavy Hall,30,C,Cincinnati,OH,45202-7228,,,,,,,,,,3.3,,,,,,,Tender Mercies Inc,27 West 12th St,"Cincinnati, OH 45202",Russell Winters,5137218666,Tender Mercies- Harkavy Hall,5136397402,Harkavy Hall Llc,,,27 12th St,"Cincinnati, OH 45202    ",,,,
218 W 12th St,Senate Apartments,36,C,Cincinnati,OH,45202-7541,,,,,,,,,,3.3,1910,,,,,,Cincinnati Center City Development Corp,1203 Walnut St,"Cincinnati, OH 45202-7153",Tyler Zurick,5136214400,The Community Builders,5134126004,Azeotropic Partners LLC,,9312477493,1014 Vine St Suite # 1420,"Cincinnati, OH 45202-1141",,,,
28 E 13th St,,6,C,Cincinnati,OH,45202-5863,,,,,,,,,,4.3,,,,,,,City Center Properties,1431 Main St,"Cincinnati, OH 45202-6339",Chris Frutkin,5132211222,,,28 East Thirteenth Street Llc,,,1418 Main St,"Cincinnati, OH 45202    ",,,,
33-35 E 13th St,The Stafford,11,C,Cincinnati,OH,45202-7157,600.00,,,,,,,,,4.3,1930,2017,11,,,,Cincinnati Center City Development Corp,1203 Walnut St,"Cincinnati, OH 45202-7153",Tyler Zurick,5136214400,Model Group - The Stafford,5135590048,Jackson Street Warehouse Ltd,,,1227 Jackson St,"Cincinnati, OH 45202    ",,,,
124 E 13th St,,6,C,Cincinnati,OH,45202-6300,,,,,,,,,,4.3,1900,,,,,,Commons On Main,1826 Race St,"Cincinnati, OH 45202-7720",Melissa Clayton,5136516457,,,Commons On Main,,,1999 Broadway,"Denver, CO 80202-3025",,,,
309 E 13th St,Sycamore Sq. Apartments,14,C,Cincinnati,OH,45202,400.00,,,,,,,,,4.3,1870,,,,,,Christopher David Longwell,3431 Azalea Ave,"Canton, OH 44701",Christopher Longwell,3307546554,309 E 13th St,5135328324,Invictus Realty 13th Street Ll,,,11353 Reed Hartman Hwy,"Blue Ash, OH 45241-2443",,,,
409-415 E 13th St,,17,C,Cincinnati,OH,45202-7426,,,,,,,,,,4.3,1860,,,,,,Pendleton Housing Partners Lp,,,,,,,Pendleton Housing Partners Lp,,,,,,,,
423-425 E 13th St,,6,C,Cincinnati,OH,45202-7459,,,,,,,,,,4.3,,,,,,,423 EAST 13TH STREET LLC,P.O.Box 12679,"Cincinnati, OH 45212",Matt Kotlarczyk,5137310153,,,,,,,,,,,
31 W 13th St,,17,C,Cincinnati,OH,45202-5804,,,,,,,,,,3.3,,,,,,,Poah Washington Park Llc,,,,,,,Poah Washington Park Llc,,,,,,,,
316-318 E 14th St,,6,C,Cincinnati,OH,45202-7335,,,,,,,,,,4.3,,,,,,,City Homes LLC,318 E 14th St,"cincinnati, OH 45202",Carolyn Jones,5134779725,,,,,,,,,,,
9-13 W 15th St,,9,C,Cincinnati,OH,45202,823.00,,,,,,,,,4.3,1900,,5,4,,,Angela J White,13 W 15th St,"Cincinnati, OH 45202-7014",,,9-13 W 15th St,,Angela J White,,,13 W 15th St,"Cincinnati, OH 45202-7014",,,,
13 W 15th St,,9,C,Cincinnati,OH,45202,,,,,,,,,,4.3,,,,,,,Lingo Mark,9227 Manchester Rd,"Saint Louis, MO 63144",,3149656161,,,,,,,,,,,
131 W 15th St,,6,C,Cincinnati,OH,45202,,,,,,,,,,4.3,,2017,,,,,Christopher P & Ashley L Herman,131 W 15th St,"Cincinnati, OH 45202-6926",Ashley Herman,4804665414,,,Ashley Herman,,,,,,,,
11-25 Back St,,33,C,Cincinnati,OH,45202-6453,,,,,,,,,,3.3,1860,,,,,,"The Model Group, Inc.",1826 Race St Suite # 100,"Cincinnati, OH 45202-7720",Steve Smith,5135590048,Brickstone Properties,5134216999,Pendleton Estates,,,2170 Gilbert Ave,"Cincinnati, OH 45206    ",,,,
553 Boal St,,10,C,Cincinnati,OH,45202-6827,,,,,,,,,,4.3,1895,,,,,,WMC Group LLC,411 Oak St Suite # 3rd fl,"Cincinnati, OH 45219    ",,5135698376,Symphony Property Management,5135698376,Eber Development Llc,,,411 Oak St,"Cincinnati, OH 45219-2504",,,,
555-559 Boal St,,6,C,Cincinnati,OH,45202-6801,,,,,,,,,,4.3,,,,,,,Eber Development,255 E 5th St,"Cincinnati, OH 45202-4704",,,,,Eber Development,,,255 E 5th St,"Cincinnati, OH 45202-4704",,,,
1123 Broadway,,6,C,Cincinnati,OH,45202-7379,,,,,,,,,,4.3,,,6,,,,WMC Group LLC,411 Oak St Suite # 3rd fl,"Cincinnati, OH 45219    ",,5135698376,Symphony Property Management,5135698376,Southern Properties Llc,,,411 Oak St,"Cincinnati, OH 45219",,,,
1201-1203 Broadway,,8,C,Cincinnati,OH,45202,,,673,,,,,,,4.3,1885,,1,2,4,,"The Model Group, Inc.",1826 Race St Suite # 100,"Cincinnati, OH 45202-7720",,5135590048,Brickstone Properties,5134216999,Nassau Avenue Investments Llc,,,2170 Gilbert Ave,"Cincinnati, OH 45206-3042",471,367,636,737
1211 Broadway,,6,C,Cincinnati,OH,45202,,,590,,,,,,,4.3,1884,,3,1,2,,"The Model Group, Inc.",1826 Race St Suite # 100,"Cincinnati, OH 45202-7720",,5135590048,Brickstone Properties,5134216999,Nassau Avenue Investments Llc,,,2170 Gilbert Ave,"Cincinnati, OH 45206-3042",472,,635,737
405 Broadway St,Edgar,113,B,Cincinnati,OH,45202-3336,446.00,2.14,955,,,,,,,,1920,1960,75,,,,Rookwood Properties,8160 Corporate Park Dr Suite # 220,"Montgomery, OH 45242-3311",,5134696580,Rookwood - Edgar,5136214100,Edgar Investors Llc,,,,,"1,014",805,,
813 Broadway St,Eight One Three,16,B,Cincinnati,OH,45202-1335,,,,,,,,,,4.3,2018,,16,,,,Christopher T Tassone,813 Broadway St,"Cincinnati, OH 45202-1335",,5136775679,,,Christopher T Tassone,,5136775679,813 Broadway St,"Cincinnati, OH 45202-1335",,,,
1206 Broadway St,,44,C,Cincinnati,OH,45202-7341,786.00,1.25,981,,,,,,,,2014,,30,14,,,"The Model Group, Inc.",1826 Race St Suite # 100,"Cincinnati, OH 45202-7720",,5135590048,Model - Broadway Square,5134216999,Broadway Square I Llc,,,2170 Gilbert Ave,"Cincinnati, OH 45206-3042",978,,981,
1218 Broadway St,,6,C,Cincinnati,OH,45202,758.00,,,,,,,,,1.4,,,2,1,1,1,"The Model Group, Inc.",1826 Race St Suite # 100,"Cincinnati, OH 45202-7720",,5135590048,Brickstone Properties,5134216999,Lincoln Stargate LP,,,2170 Gilbert Ave Suite # 100,"Cincinnati, OH 45206    ",,,,
1316-1318 Broadway St,Cutter Apartments,40,F,Cincinnati,OH,45202-7382,825.00,1.04,860,,,,,,,6.4,1900,,12,9,6,,Wallick Communities,160 W Main St Suite # 200,"New Albany, OH 43054-9292",Tom Feusse,6148634640,Wallick - Cutter Apartments,5132414504,Mt Auburn Housing Inc,,,2026 Eleanor Pl,"Cincinnati, OH 45219    ",769,686,"1,037","1,129"
1071 Celestial St,Highland Towers,108,B,Cincinnati,OH,45202-1689,977.00,1.48,"1,450",,,,,,,,1963,,29,49,,,Rookwood/Highland Tower Investments,1071 Celestial St,"Cincinnati, OH 45202    ",Joseph Rippee,5137215088,Nisbet - Highland Towers,5132412121,Rookwood Highland Tower,,,1071 Celestial St,"Cincinnati, OH 45202    ","1,549",785,"1,799",
619 Central Ave,Page Tower,169,B,Cincinnati,OH,45202-2350,474.00,1.70,806,,,,,,,2.3,1971,,143,26,,,City of Cincinnati,801 Plum St Suite # 352,"Cincinnati, OH 45202-1927",City Cincinnati,5133523243,Nelson & Associates- Page Tower,5135798384,City of Cincinnati Planning and Buildings,,5133524845,801 Plum St Suite # 122,"Cincinnati, OH 45202",772,,975,
100 E Central Pky,Emery Center Apartments,58,C,Cincinnati,OH,45202-7240,"1,091.00",1.55,"1,686",,,,,,,,1911,,21,17,,,"Neyer/Columbia Square, LLC",10151 Carver Rd Suite # 100,"Cincinnati, OH 45242-4758",Al Neyer,5132716400,City Center - Emery Center Apartments,5136511999,STNL Development,,5134385150,8170 Corporate Park Suite # 100,"Cincinnati, OH 45242    ","1,463","1,401","2,287",
547 Channing St,,6,C,Cincinnati,OH,45202,,,,,,,,,,4.3,1901,,3,1,2,,Jennifer Cevasco,,,,,547 Channing St,,Jennifer Cevasco,,,,,,,,
210 Charles St,,6,C,Cincinnati,OH,45202-7540,,,,,,,,,,4.3,,,,,,,Cincinnati Center City Development Corp,1203 Walnut St,"Cincinnati, OH 45202-7153",,5136214400,,,Otr Holdings Inc,,6144427637,1203 Walnut St Suite # 4,"Cincinnati, OH 45202-7153",,,,
1204 Clay St,,9,C,Cincinnati,OH,45202-7606,,,595,,,,,,,4.3,1855,,,9,,,"The Model Group, Inc.",1826 Race St Suite # 100,"Cincinnati, OH 45202-7720",,5135590048,Brickstone Properties,5134216999,Clay Street Homes Llc,,,2170 Gilbert Ave,"Cincinnati, OH 45206-3042",,,595,
1207 Clay St,,10,C,Cincinnati,OH,45202,,,,,,,,,,4.3,1880,,10,,,,The Daughters of St Elias,123 E 13th St,"Cincinnati, OH 45202-7638",Jon Paul Bevak,3307552613,,,Society Of St Philip Neri Inc,,,123 E 13th St,"Cincinnati, OH 45202",,,,
1209 Clay St,,9,C,Cincinnati,OH,45202,,,,,,,,,,4.3,1880,,9,,,,Jon P. Bevak,123 E 13th St,"Cincinnati, OH 45202-7638",Jon Bevak,5135492634,,,BSG2 LLC,,,1209 Sycamore St,"Cincinnati, OH 45202-7320",,,,
1317 Clay St,,6,C,Cincinnati,OH,45202-7659,,,,,,,,,,4.3,,,,,,,Western & Southern Life,400 Broadway,"Cincinnati, OH 45202-3312",,8773679734,,,Otr Housing Associates,,,400 Broadway St,"Cincinnati, OH 45202-3312",,,,
1326 Clay St,,15,C,Cincinnati,OH,45202-7608,,,,,,,,,,,1885,,2,7,6,,,,,,,,,,,,,,,,,
1400 Clay St,,36,C,Cincinnati,OH,45202-7670,,,,,,,,,,4.3,1900,,,,,,"Wade, Werner, Thompson & Co.",119 E Court St Suite # 407,"Cincinnati, OH 45202-1203",Martin Wade,5136325322,Brickstone Properties,5134216999,WDC LLC,,5137949492,119 E Court St,"Cincinnati, OH 45202-1203",,,,
51 E Clifton Ave,,6,F,Cincinnati,OH,45202-8983,,,,,,,,,,4.3,1890,,,,,,ANDANTE HOUSING LLC,61 E Clifton Ave,"Cincinnati, OH 45202",John Wulsin,5132628431,,,Jennifer Scheiderer,,,49 E Clifton Ave,"Cincinnati, OH 45202-8901",,,,
100 E Clifton Ave,Rhine View Apartments,17,C,Cincinnati,OH,45202,"1,127.00",1.26,"1,422",,,,,,,17.7,1900,,6,11,,,Michel & Nyoka Paul,2783 Sutton Pl,"Doylestown, PA 18902-6628",Michel Paul,2157947409,Towne - Rhine View Apartments,5136511661,Nyoka Paul,,,,,946,,"1,677",
103 E Clifton Ave,,21,C,Cincinnati,OH,45202-6533,679.00,0.73,494,,,,,,,95.2,1900,,12,3,6,,Robert Haber,2880 Winthrop Rd,"Shaker Heights, OH 44120",Robert Haber,2169389001,Robert Haber,2169389001,Clifton Ave 103 LLC,,,44 Park Pl,"Brooklyn, NY 11217",414,,725,525
108 E Clifton Ave,,6,C,Cincinnati,OH,45202-8956,,,,,,,,,,4.3,,,,,,,Over The Rhine Community Housing,114 W 14th St,"Cincinnati, OH 45202",,5133811171,,,Sharp Village Annex Llc,,,114 W 14th St,"Cincinnati, OH 45202",,,,
139 E Clifton Ave,,20,C,Cincinnati,OH,45202,568.00,0.81,459,,,,,,,62.3,1870,,10,1,2,,Robert Haber,2880 Winthrop Rd,"Shaker Heights, OH 44120",,2169389001,Robert Haber,2169389001,Clifton Ave 139 Llc,,,852 Cypress Ave,"Ridgewood, NY 11385",435,356,522,871
150 E Clifton Ave,,6,C,Cincinnati,OH,45202,699.00,,,,,,,,,96.2,1900,,6,,,,Robert Haber,2880 Winthrop Rd,"Shaker Heights, OH 44120",Robert Haber,2169389001,Robert Haber,2169389001,"Clifton Ave 150, LLC",,,44 Park Pl,"Brooklyn, NY 11217",,,,
212-214 E Clifton Ave,East Apartments,9,C,Cincinnati,OH,45202-8943,,,471,,,,,,,9.6,1871,,5,3,1,,"Downtown Property Management, Inc.",1416-1418 Central Pky,"Cincinnati, OH 45202-7533",Dharma Ramineni,5136654376,"Downtown Property Management, Inc.",5136654376,"Downtown Property Management, Inc.",,5136654376,1416-1418 Central Pky,"Cincinnati, OH 45202-7533",392,,509,728
19-27 W Clifton Ave,,17,C,Cincinnati,OH,45202-4976,,,809,,,,,,,9.4,1879,,3,7,7,,Paramount Omega LLC,PO Box 20575,"Piedmont, CA 94620    ",Geza Polony,5104219055,,,"Paramount Omega, LLC",,,P.O.Box 20575,"Piedmont, CA 94620    ",601,,779,918
102 W Clifton Ave,,7,C,Cincinnati,OH,45202-4963,"1,243.00",,,,,,,,,4.3,1887,,2,4,,,Tallarigo Properties,P.O.Box 7641,"Tahoe City, CA 96145",Ben Tallarigo,5134774111,,,Tallarigo Benjamin,,,3517 Cornell Pl,"Cincinnati, OH 45220",,,,
427-435 Collins Ave,,10,C,Cincinnati,OH,45202,,,710,,,,,,,3.7,1942,,5,4,1,,James White,435 Collins Ave,"Cincinnati, OH 45202",,5132907150,,,Genest & White Ltd,,5133610533,2352 Ohio Ave,"Cincinnati, OH 45219    ",619,,742,"1,016"
7-9 W Court St,Court View,18,C,Cincinnati,OH,45202-1094,,,,,,,,,,4.3,,,,,,,Renee Frankel,923 Oregon Trl,"Cincinnati, OH 45215    ",,5137619754,,,One One Actual Llc,,,7 W Court St,"Cincinnati, OH 45202    ",,,,
1915 Eastern Ave,,6,C,Cincinnati,OH,45202-1711,,,,,,,,,,,1880,,,6,,,,,,,,,,,,,,,,,,
204 W Eighth St,The Waldo,43,C,Cincinnati,OH,45202,850.00,1.39,"1,178",,,,,,,,1892,2007,13,21,,,AJ & S Limited Partnership,1614 Chase Ave,"Cincinnati, OH 45223    ",Constance Wilson,5133654670,"Cats Management, LLC.",5133835579,AJ & S Limited Partnership,,5133654670,1614 Chase Ave,"Cincinnati, OH 45223    ",949,749,"1,502",
210 W Eighth St,,10,C,Cincinnati,OH,45202,,,,,,,,,,4.3,,,,,,,Alfred Carrington Inc,,,,,,,Alfred Carrington Inc,,,,,,,,
6 W Elder St,,7,C,Cincinnati,OH,45202,"1,136.00",0.67,761,,,,,,,,1890,,1,1,4,1,Cincinnati Center City Development Corp,1203 Walnut St,"Cincinnati, OH 45202-7153",Adam Gelter,5136214400,,,OTR Holdings Inc,,5139545484,255 E 5th St Suite # 1900,"Cincinnati, OH 45202-4700",371,,640,872
110 W Elder St,,6,C,Cincinnati,OH,45202-5902,,,,,,,,,,4.3,,,,,,,Wirtz Matthew A,1718 Pleasant St,"Cincinnati, OH 45202",,,,,Wirtz Matthew A,,,1718 Pleasant St,"Cincinnati, OH 45202",,,,
924 Elm St,,12,C,Cincinnati,OH,45202,,,,,,,,,,4.3,,,,,,,Loveland Crossing Llc,914 Elm St,"Cincinnati, OH 45202    ",,,,,Loveland Crossing Llc,,,914 Elm St,"Cincinnati, OH 45202    ",,,,
1008-1010 Elm St,,6,C,Cincinnati,OH,45202-1019,,,,,,,,,,4.3,1870,,,,,,Michael D Peterson,1010 Elm St,"Cincinnati, OH 45202    ",,,,,Michael D Peterson,,,1010 Elm St,"Cincinnati, OH 45202    ",,,,
1105-1111 Elm St,,65,C,Cincinnati,OH,45202-7513,,,,,,,,,,3.0,1917,2016,35,30,,,YMCA,101 N Wacker Dr Suite # 1600,"Chicago, IL 60606-1784",,8008729622,Central Parkway YMCA,5133814193,Young Mens Christian,,,1105 Elm St,"Cincinnati, OH 45202-7513",,,,
1420 Elm St,,7,C,Cincinnati,OH,45202-7566,,,,,,,,,,4.3,,,,,,,Wais W Brian,5459 Firethorn Ct,"Cincinnati, OH 45242",,5138289497,,,Anju Manocha,,,,,,,,
1433 Elm St,,7,C,Cincinnati,OH,45202-7548,,,,,,,,,,4.3,,,,,,,Matthew D Rosen,1349 Broadway St,"Cincinnati, OH 45202",Matthew Rosen,6143706928,,,Shelter House Volunteer,,,1433 Elm St,"Cincinnati, OH 45202",,,,
1500 Elm St,,17,C,Cincinnati,OH,45202,,,,,,,,,,4.3,1900,,,,,,"The Model Group, Inc.",1826 Race St Suite # 100,"Cincinnati, OH 45202-7720",,5135590048,,,Elm St Senior Housing Ltd,,,114 14th,"Cincinnati, OH 45202",,,,
1514-1516 Elm St,The Fulda,8,C,Cincinnati,OH,45202-6971,700.00,,,,,,,,,,,,4,,,,Board of Trustees - OTRCH,112-114 W 14th St,"Cincinnati, OH 45202-7506",Roger Auer,5133811171,Board of Trustees - OTRCH,5133811171,RACE STREET TENANT ORGANIZATION COOPERATIVE,,,,,,,,
1700 Elm St,,6,C,Cincinnati,OH,45202-6982,,,,,,,,,,3.3,,,,,,,"The Model Group, Inc.",1826 Race St Suite # 100,"Cincinnati, OH 45202-7720",,5135590048,Brickstone Properties,5134216999,Otr Revitalization,,,2170 Gilbert Ave,"Cincinnati, OH 45206-3042",,,,
1702 Elm St,,6,C,Cincinnati,OH,45202-9606,880.00,,,,,,,,,4.3,,,1,1,2,,"The Model Group, Inc.",1826 Race St Suite # 100,"Cincinnati, OH 45202-7720",,5135590048,Brickstone Properties,5134216999,Fairview Estates Limited Partn,,,2170 Gilbert Ave,"Cincinnati, OH 45206-3042",,,,
1712 Elm St,,7,C,Cincinnati,OH,45202-6911,,,,,,,,,,4.3,,,,,,,Valerie J Johnson,1712 Elm St,"Cincinnati, OH 45202",Valerie Johnson,5132362685,,,Johnson Valerie,,,1712 Elm St,"Cincinnati, OH 45202",,,,
1713 Elm St,,8,C,Cincinnati,OH,45202-9604,,,,,,,,,,4.3,,,,,,,The Fortus Group,12207 Illinois Rd,"Fort Wayne, IN 46804",Rodney Baker,2606254211,,,Fg Otr 1 Llc,,,11501 Deerfield Rd,"Cincinnati, OH 45242    ",,,,
1810 Elm St,,8,C,Cincinnati,OH,45202,"1,075.00",,,,,,,,,,1878,,,6,1,1,Port of Greater Cincinnati Development Authority,3 E Fourth St Suite # 300,"Cincinnati, OH 45202-3728",Laura Brunner,5136213000,"The Model Group, Inc.",5135590048,Port of Greater Cincinnati Development Authority,,5136213000,3 E 4th St Suite # 600,"Cincinnati, OH 45202    ",,,,
1906-1908 Elm St,,8,C,Cincinnati,OH,45202-7700,384.00,1.46,561,,,,,,,4.3,1886,,7,,1,,Gary Enzweiler,26th E 6th St Suite # 501,"Cincinnati, OH 45202",Gary Enzweiler,5132813525,,,Suss Lofts Llc,,,26 E 6th St,"Cincinnati, OH 45202-2537",554,,,582
1919 Elm St,,7,C,Cincinnati,OH,45202,,,838,,,,,,,4.3,,,,7,,,Bonansinga Mary E,144 Lafayette Ln,"Cincinnati, OH 45220-1118",Mary Bonansinga,5136046854,,,Bonansinga Mary E,,5136046854,144 Lafayette Ln,"Cincinnati, OH 45220-1118",,,857,
1923 Elm St,205 Henry St,20,C,Cincinnati,OH,45202-7784,,,,,,,,,,4.3,1850,,20,,,,Branch,16-20 E Broad St,"Columbus, OH 43215-3403",Steve Lekas,8334272624,,,Kaladin LLC,,,,,,,,
1237 Elsinore Ave,,6,C,Cincinnati,OH,45202,,,,,,,,,,4.3,,,,,,,1237-1245 Elsinore Llc,74 Cliffside Dr,"Canandaigua, NY 14424-8805",,,,,1237-1245 Elsinore Llc,,,74 Cliffside Dr,"Canandaigua, NY 14424-8805",,,,
1263 Elsinore Pl,,8,C,Cincinnati,OH,45202,,,,,,,,,,4.3,,,,,,,Michael J Larkin,802 Huntersknoll Ln,"Cincinnati, OH 45230-4342",,,,,Michael J Larkin,,,802 Huntersknoll Ln,"Cincinnati, OH 45230-4342",,,,
12 E Fifteenth St,,6,C,Cincinnati,OH,45202-7004,,,,,,,,,,4.3,,,,,,,Mardin Osam,5218 Peterborough Dr,"Cleves, OH 45002",Osam Mardin,5135444925,,,Mardin Osam,,5135444925,5218 Peterborough Dr,"Cleves, OH 45002",,,,
18 E Fifteenth St,,8,C,Cincinnati,OH,45202-7004,,,,,,,,,,4.3,,,,,,,Martine R. Dunn,6519 Neville Ct,"Mason, OH 45040",Martine Dunn,5134593098,,,Otr Reinvestment Hldgs Iillc,,,2170 Gilbert Ave,"Cincinnati, OH 45206-3042",,,,
19 E Fifteenth St,,7,C,Cincinnati,OH,45202-7003,,,,,,,,,,4.3,,,,,,,Urban Sites Properties,1209 Sycamore St,"Cincinnati, OH 45202-7320",Greg Olson,5136216246,,,17e-fifteen Llc,,,580 Walnut St,"Cincinnati, OH 45202-3162",,,,
20 E Fifteenth St,,6,F,Cincinnati,OH,45202-7004,,,,,,,,,,4.3,,,,,,,Martine R. Dunn,6519 Neville Ct,"Mason, OH 45040",Martine Dunn,5134593098,,,,,,,,,,,
20-22 Findlay St,,6,C,Cincinnati,OH,45202-7726,,,,,,,,,,4.3,1990,,,,,,Ronald Louis Wales,22 Findlay St,"Cincinnati, OH 45202-5930",Ronald Wales,5136148840,,,"20 Findlay, LLC",,,,,,,,
118 Findlay St,118-120 Findlay Street,7,C,Cincinnati,OH,45202-7702,,,,,,,,,,4.3,1875,,,,,,2414 Morgan Development LLC,3905 Perry St NW,"Brentwood, MD 20722",Nigel Parkinson,2026364005,,,,,,,,,,,
128 Findlay St,Carl Apartments,16,C,Cincinnati,OH,45202-7786,,,,,,,,,,3.3,,,,,,,Joseph H Feldhaus,3643 Davenant Ave,"Cincinnati, OH 45201",Joseph Feldhaus,5133152262,,,North Rhine Limited Partnershi,,,36 E 4th St,"Cincinnati, OH 45202-2757",,,,
210-212 Findlay St,,6,C,Cincinnati,OH,45202-7712,,,,,,,,,,4.3,1879,,,,,,Nathaniel J Dean,214 Findlay St,"Cincinnati, OH 45202",Nathaniel Dean,5136627791,,,Norman & Nathan  Dean,,,214 Findlay St,"Cincinnati, OH 45202",,,,
231 W Fourth St,Fourth & Plum Apartments,194,C,Cincinnati,OH,45202-2679,947.00,1.40,"1,323",,,,,,,10.2,1923,1981,143,41,,,"Uptown Rental Properties, LLC",2718 Vine St,"Cincinnati, OH 45219-2019",,5138619394,Uptown - Fourth & Plum Lofts,5132417272,"Old Town 4th and Plum, LLC",,,,,"1,346",884,"1,304",
120 Garfield Pl,The Greenwich on the Park,66,C,Cincinnati,OH,45202,653.00,1.74,"1,134",,,,,,,10.6,,,30,7,,,Towne Properties,1055 Saint Paul Pl Suite # 100,"Cincinnati, OH 45202-6042",,5133818696,Towne - The Greenwich on the Park,5136511661,Greenwich On Garfield Llc,,,110 Garfield Pl,"Cincinnati, OH 45202-1916","1,031","1,096","1,644",
19 Green St,,6,C,Cincinnati,OH,45202-6489,,,,,,,,,,4.3,,,,,,,St Anthony Village Llc,910 E Broad St,"Columbus, OH 43205-1150",,6142698032,,,St Anthony Village Llc,,6142698032,910 E Broad St,"Columbus, OH 43205-1150",,,,
23 Green St,,10,C,Cincinnati,OH,45202-4650,,,,,,,,,,4.3,,,,,,,Race Republic & Green Llc,23 Green St,"Cincinnati, OH 45202",,5132422209,,,Race Republic & Green Llc,,5132422209,23 Green St,"Cincinnati, OH 45202",,,,
108 Green St,,8,C,Cincinnati,OH,45202-4633,,,,,,,,,,4.3,,,,,,,"Downtown Property Management, Inc.",1416-1418 Central Pky,"Cincinnati, OH 45202-7533",Dharma Ramineni,5136654376,"Downtown Property Management, Inc.",5136654376,"Downtown Property Management, Inc.",,5136654376,1416-1418 Central Pky,"Cincinnati, OH 45202-7533",,,,
979-981 Hatch St,,10,C,Cincinnati,OH,45202,,,,,,,,,,4.3,1916,,,,,,Moore David R,981 Hatch St,"Cincinnati, OH 45202",,,,,Moore David R,,,981 Hatch St,"Cincinnati, OH 45202",,,,
988-990 Hatch St,,6,B,Cincinnati,OH,45202,900.00,0.86,770,,,,,,,4.3,1890,,3,3,,,True Blue Properties Llc,441 Oak Dr,"Cincinnati, OH 45246-4725",,,,,True Blue Properties Llc,,,441 Oak Dr,"Cincinnati, OH 45246-4725",766,,770,
1631-1637 Hughes St,,6,C,Cincinnati,OH,45202,,,680,,,,,,,4.3,1900,,,3,3,,Jamal Daoud,1 Observatory Hl,"Cincinnati, OH 45208-2541",Jamal Daoud,5138077000,,,Jamal Daoud,,5138077000,1 Observatory Hl,"Cincinnati, OH 45208-2541",,,510,844
1701 Hughes St,,45,C,Cincinnati,OH,45202-0959,951.00,,,,,,,,,3.3,1874,,,10,29,2,OTR Revitalization Limited Partnership,2170 Gilbert Ave,"Cincinnati, OH 45206-3042",,5135590048,Brickstone Properties,5134216999,,,,,,,,,
1225 Jackson St,,7,F,Cincinnati,OH,45202,,,,,,,,,,4.3,,,7,,,,Richard Herndon,3500 Red Bank Rd,"Cincinnati, OH 45227    ",,5134211313,,,Jackson Investors 2019 Llc,,,1209 Sycamore St,"Cincinnati, OH 45202-7320",,,,
1920 Kemper Ln,,9,C,Cincinnati,OH,45202-1539,400.00,1.11,445,,,,,,,3.7,1955,,9,,,,Kemper R & E Holdings Llc,4016 Townsfair Way,"Columbus, OH 43219-6083",,,,,Kemper R & E Holdings Llc,,,4016 Townsfair Way,"Columbus, OH 43219-6083",442,,,
1805 Lang St,,6,C,Cincinnati,OH,45202-8910,,,,,,,,,,4.3,1915,,,,,,Andrea R Pressley,6220 Erie Ave,"Cincinnati, OH 45227",Andrea Pressley,5136151307,,,Pure Dev Group Llc,,,6220 Erie Ave,"Cincinnati, OH 45227",,,,
529 Liberty Hl,,10,C,Cincinnati,OH,45202,,,,,,,,,,4.3,,,,,,,529 Liberty Hill Llc,300 View Pl,"Covington, KY 41011",,,,,529 Liberty Hill Llc,,,300 View Pl,"Covington, KY 41011",,,,
212-214 E Liberty St,,39,C,Cincinnati,OH,45202-8542,,,,,,,,,,4.3,,,,,,,Alfred Carrington Inc,444 Milton St,"Cincinnati, OH 45202",Frank Fieler,5132316099,,,Alfred Carrington Inc,,5132316099,444 Milton St,"Cincinnati, OH 45202",,,,
212 W Liberty St,,8,C,Cincinnati,OH,45202-6913,,,,,,,,,,4.3,,,,,,,The Fortus Group,12207 Illinois Rd,"Fort Wayne, IN 46804",Rodney Baker,2606254211,,,Fg Otr 1 Llc,,,11501 Deerfield Rd,"Cincinnati, OH 45242    ",,,,
214 W Liberty St,,8,C,Cincinnati,OH,45202-9622,,,,,,,,,,4.3,,,,,,,The Fortus Group,12207 Illinois Rd,"Fort Wayne, IN 46804",Rodney Baker,2606254211,,,Fg Otr 1 Llc,,,11501 Deerfield Rd,"Cincinnati, OH 45242    ",,,,
1817 Logan St,Logan Towers,98,C,Cincinnati,OH,45202-7715,675.00,1.00,678,,,,,,,,1915,,49,,,,Logan Towers Lp,2170 Gilbert Ave,"Cincinnati, OH 45206-3042",,5137211988,VOA - Parkway Towers,5133811954,Logan Towers Lp,,5137211988,2170 Gilbert Ave,"Cincinnati, OH 45206-3042",747,606,,
1818 Logan St,,6,C,Cincinnati,OH,45202,,,,,,,,,,4.3,,,3,3,,,James Hagen,3637 Amberson Ave,"Cincinnati, OH 45208",,5132951515,,,Maslott Properties LLC,,,737 Whisperingq Way,"Cincinnati, OH 45241",,,,
208 Magnolia St,,6,C,Cincinnati,OH,45202,,,,,,,,,,3.3,1900,,,,,,Bob Maly,,,Bobby Maly,5135590048,Brickstone Properties,5134216999,,,,,,,,,
721 Main St,Blonde,125,B,Cincinnati,OH,45202-2109,759.00,2.06,"1,566",,,,,,,0.6,2020,,54,20,,,North American Properties,212 E Third St Suite # 300,"Cincinnati, OH 45202-5500",Tom Williams,5137212744,NAP - 8th & Main,5137212744,Port Of Greater Cincinnati Development A,,,3 4th St,"Cincinnati, OH 45202","1,609","1,109","2,593",
1200 Main St,,6,C,Cincinnati,OH,45202,,,818,,,,,,,3.3,1860,2016,,2,2,,Urban Sites Properties,1209 Sycamore St,"Cincinnati, OH 45202-7320",,5136216246,,,Soli Interests LLC,,,1429 Walnut St,"Cincinnati, OH 45202-7618",,535,741,892
1202-1204 Main St,,16,C,Cincinnati,OH,45202,,,,,,,,,,3.3,1875,,,,,,Urban Sites Properties,1209 Sycamore St,"Cincinnati, OH 45202-7320",,5136216246,Urban Sites Properties,5136216246,Urban Legacy Viii Llc,,,1202 Main St,"Cincinnati, OH 45202    ",,,,
1208-1212 Main St,,8,C,Cincinnati,OH,45202-6311,,,745,,,,,,,4.3,1865,2016,2,2,4,,Urban Sites Properties,1209 Sycamore St,"Cincinnati, OH 45202-7320",,5136216246,,,Soli Interests Llc,,,1429 Walnut St,"Cincinnati, OH 45202-7618",622,,741,803
1306 Main St,,6,C,Cincinnati,OH,45202-7860,,,,,,,,,,4.3,1820,,,,,,American Heritage Insurance Group,9675 Montgomery Rd Suite # 101,"Cincinnati, OH 45242-7205",Michael Rice,5139845255,,,Mike L Rice,,,1306 Main St,"Cincinnati, OH 45202-7614",,,,
1312-1316 Main St,Commons on Main,10,C,Cincinnati,OH,45202-6312,525.00,,,,,,,,,4.3,,,,,,,Commons On Main Commercial Llc,1316 Main St,"Cincinnati, OH 45202",,5132062556,Mercy Housing - Commons on Main,5136516457,Commons On Main Commercial Llc,,5132062556,1316 Main St,"Cincinnati, OH 45202",,,,
1349 Main St,,37,C,Cincinnati,OH,45202-7613,622.00,1.36,842,,,,,,,4.1,1960,,35,2,,,WMC Group LLC,411 Oak St Suite # 3rd fl,"Cincinnati, OH 45219    ",,5135698376,Symphony Property Management,5135698376,Eber Development Llc,,,411 Oak St,"Cincinnati, OH 45219-2504",813,,"1,271",
1401 Main St,,12,C,Cincinnati,OH,45202-7615,,,,,,,,,,4.3,,,,,,,Robert P Lieb,150 Kingfisher Rd,"Peebles, OH 45660-8014",,9375873260,,,Robert P Lieb,,9375873260,150 Kingfisher Rd,"Peebles, OH 45660-8014",,,,
1409 Main St,,7,C,Cincinnati,OH,45202-7800,757.00,,,,,,,,,,,,2,2,,,"Mercy Housing, Inc.",1600 Broadway Suite # 2000,"Denver, CO 80202-4927",Kate Peterson,3038303300,Mercy Housing - Commons on Main,5136516457,Franciscan Homes Iii,,,1999 Broadway,"Denver, CO 80202    ",,,,
1427 Main St,,7,C,Cincinnati,OH,45202,,,,,,,,,,4.3,,,,,,,Robert P Lieb,150 Kingfisher Rd,"Peebles, OH 45660-8014",Robert Lieb,9375873260,,,Robert P Lieb,,9375873260,150 Kingfisher Rd,"Peebles, OH 45660-8014",,,,
1636 Main St,,8,F,Cincinnati,OH,45202-6558,,,,,,,,,,4.3,,,,,,,Wallick Communities,160 W Main St Suite # 200,"New Albany, OH 43054-9292",Tom Feusse,6148634640,,,North Rhine Ii,,,7778 E Kemper Rd,"Cincinnati, OH 45249    ",,,,
2 E Mcmicken Ave,,17,C,Cincinnati,OH,45202,,,,,,,,,,4.3,1900,,,,,,Stacey A Borowicz,191 W Nationwide Blvd Suite # 300,"Columbus, OH 43215",Stacy Borowicz,6148540179,,,Morgan Apartments Llc,,6303862856,114 W 14th St,"Cincinnati, OH 45202",,,,
37 E McMicken Ave,,6,C,Cincinnati,OH,45202-6571,,,,,,,,,,4.3,,,,,,,Lighthouse Worship Center,37 E McMicken Ave,"Cincinnati, OH 45250",Patrick Winkler,8593564706,,,Lighthouse Worship Center,,8593564706,37 E McMicken Ave,"Cincinnati, OH 45250",,,,
41 E McMicken Ave,,6,C,Cincinnati,OH,45202-8519,880.00,,,,,,,,,4.3,,,1,1,2,,"The Model Group, Inc.",1826 Race St Suite # 100,"Cincinnati, OH 45202-7720",,5135590048,Brickstone Properties,5134216999,North Rhine Heights Limited Partnership,,,2170 Gilbert Ave,"Cincinnati, OH 45206",,,,
45-47 E McMicken Ave,,6,C,Cincinnati,OH,45202-6573,,,,,,,,,,3.3,,,,,,,Over The Rhine Community Housing,114 W 14th St,"Cincinnati, OH 45202",,5133811171,Over The Rhine Community Housing,5133811171,Over The Rhine Community Housing,,5133811171,114 W 14th St,"Cincinnati, OH 45202",,,,
54 E McMicken Ave,,10,C,Cincinnati,OH,45202,,,,,,,,,,9.2,1870,,7,3,,,Khawk Llc,4529 River Thames Way,"Mason, OH 45040-7253",Sharmini Shanker,6144571772,,,Khawk Llc,,6144571772,4529 River Thames Way,"Mason, OH 45040-7253",,,,
56 E McMicken Ave,,7,C,Cincinnati,OH,45202-6587,929.00,,,,,,,,,,1879,,2,5,,,Jeremiah Moore,131 McMicken Ave,"Cincinnati, OH 45202",Jeremiah Moore,5133075679,,,Northcrown 56 Mcmicken Llc,,,131 E McMicken Ave,"Cincinnati, OH 45202-6520",,,,
68 E McMicken Ave,,6,C,Cincinnati,OH,45202,,,762,,,,,,,4.3,1874,,1,,3,,MOHAMMAD BAYYARI,731 Bocce Ct,"Palm Beach Gardens, FL 33410",MOHAMMAD BAYYARI,9737628983,,,Moey Mcmicken Properties Llc,,,2907 Maisel Dr,"Cincinnati, OH 45220-2705",622,535,,802
70 E McMicken Ave,,29,C,Cincinnati,OH,45202-8517,,,,,,,,,,4.3,1900,,,,,,"The Model Group, Inc.",1826 Race St Suite # 100,"Cincinnati, OH 45202-7720",,5135590048,Brickstone Properties,5134216999,Wesley Estates Limited Pa,,,2171 Gilbert Ave,"Cincinnati, OH 45206",,,,
116 E McMicken Ave,,8,C,Cincinnati,OH,45202,,,519,,,,,,,4.3,1860,,6,2,,,116 E Memicken Llc,131 E McMicken Ave,"Cincinnati, OH 45202-6520",,,,,116 E Memicken Llc,,,131 E McMicken Ave,"Cincinnati, OH 45202-6520",476,,641,
167 E McMicken Ave,,6,C,Cincinnati,OH,45202-6547,758.00,,,,,,,,,2.9,,,2,1,1,1,"The Model Group, Inc.",1826 Race St Suite # 100,"Cincinnati, OH 45202-7720",,5135590048,Brickstone Properties,5134216999,Pendleton East,,,2170 Gilbert Ave,"Cincinnati, OH 45206-3042",,,,
13-15 W McMicken Ave,,6,B,Cincinnati,OH,45202-7757,,,,,,,,,,4.3,,,,,,,Commons On Main,1826 Race St,"Cincinnati, OH 45202-7720",Melissa Clayton,5136516457,,,Commons On Main,,5136516457,1826 Race St,"Cincinnati, OH 45202-7720",,,,
17-19 W McMicken Ave,,6,C,Cincinnati,OH,45202-7754,,,,,,,,,,4.3,,,,,,,Jill Marie Scherff,1780 Timber Ln,"Burlington, KY 41005",Jill Scherff,5132656088,,,Otr City Living Llc,,,255 E 5th St,"Cincinnati, OH 45202-4710",,,,
36 W McMicken Ave,,7,B,Cincinnati,OH,45202,,,,,,,,,,4.3,1830,,7,,,,Walter Reinhaus,24 W McMicken Ave,"Cincinnati, OH 45202-7718",Walter Reinhaus,5132413855,Walter Reinhaus,5132413855,Walter Reinhaus,Walter Reinhaus,5132413855,24 W McMicken Ave,"Cincinnati, OH 45202-7718",,,,
621 E Mehring Way,One Lytle Place,267,B,Cincinnati,OH,45202,"1,059.00",1.59,"1,685",,,,,,,4.1,1980,,135,131,,,"Barrett & Stokely, Inc.",3755 E 82nd St,"Indianapolis, IN 46240-7335",,3178454171,B&S - One Lytle Place Leasing Office,5136213117,Lytle Capital Partners LLC,,,3755 E 82nd St Suite # 300,"Indianapolis, IN 46240-7335","1,394","1,078","1,983",
27 Mercer St,,7,F,Cincinnati,OH,45202-7107,,,,,,,,,,4.3,,,,,,,Cincinnati Center City Development Corp,1203 Walnut St,"Cincinnati, OH 45202-7153",Tyler Zurick,5136214400,,,Otr Holdings Inc,,,1014 Vine St,"Cincinnati, OH 45202-1119",,,,
532-534 Milton St,,6,C,Cincinnati,OH,45202-6830,,,,,,,,,,4.3,,,,,,,Eber Dev,255 E 5th St,"Cincinnati, OH 45202-4704",,,,,Eber Dev,,,255 E 5th St,"Cincinnati, OH 45202-4704",,,,
554 Milton St,,10,C,Cincinnati,OH,45202-6829,,,,,,,,,,4.3,,,,,,,,,,,,,,,,,,,,,,
918 Monastery St,,22,C,Cincinnati,OH,45202,795.00,1.78,"1,413",,,,,,,6.0,,,6,10,,,Paradrome Properties,1433 E McMillan St Suite # 1,"Cincinnati, OH 45206-2281",,5138611000,Paradrome Properties,5138611000,Trilogy Properties Llc,,,1433 E McMillan St,"Cincinnati, OH 45206-2281","1,498",917,"1,652",
1510 Moore St,,6,F,Cincinnati,OH,45202-6426,,,,,,,,,,4.3,,,,,,,Martine R. Dunn,6519 Neville Ct,"Mason, OH 45040",Martine Dunn,5134593098,,,Diehard Realty Inc,,,8675 Remington Rd,"Cincinnati, OH 45242",,,,
18 Mulberry St,,11,C,Cincinnati,OH,45202-8923,,,,,,,,,,4.3,1870,,,,,,Laurence Eva,1186 Fox Hound Ct,"Vacaville, CA 95687",,,,,Laurence Eva,,,1186 Fox Hound Ct,"Vacaville, CA 95687",,,,
78-82 Mulberry St,,9,C,Cincinnati,OH,45202-8969,,,,,,,,,,4.3,,,,,,,,,,,,,,,,,,,,,,
145 Mulberry St,,8,C,Cincinnati,OH,45202-8966,,,,,,,,,,4.3,,,,,,,Joseph H Feldhaus,3643 Davenant Ave,"Cincinnati, OH 45201",Joseph Feldhaus,5133152262,,,North Rhine Limited Partnershi,,,36 E 4th St,"Cincinnati, OH 45202-2757",,,,
225 Orchard St,,7,B,Cincinnati,OH,45202-7631,,,,,,,,,,4.3,1865,,,7,,,City Center Properties,1431 Main St,"Cincinnati, OH 45202-6339",Chris Frutkin,5132211222,,,,,,,,,,,
389 Oregon St,Oregon Mews,7,C,Cincinnati,OH,45202,"1,000.00",1.51,"1,509",,,,,,,12.7,,,4,3,,,Paradrome Properties,1433 E McMillan St Suite # 1,"Cincinnati, OH 45206-2281",,5138611000,Paradrome Properties,5138611000,Trilogy Properties Llc,,,1433 E McMillan St,"Cincinnati, OH 45206-2281","1,219",,"1,880",
965 Paradrome St,,16,C,Cincinnati,OH,45202,,,,,,,,,,4.3,,,,,,,Dinsmore,255 E 5th St Suite # 1900,"Cincinnati, OH 45202-4700",,5139778200,,,Abr Ltd,,,1055 Saint Paul Pl,"Cincinnati, OH 45202-6042",,,,
975-983 Parkside Pl,Parkside Place,40,C,Cincinnati,OH,45202,450.00,1.31,591,,,,,,,,1963,,20,,,,Cincinnati Properties,2324 Madison Rd Suite # 2,"Cincinnati, OH 45208-2671",,5132215050,Cincinnati - Parkside Place,5132215050,,,,,,718,460,,
1001-1003 Parkside Pl,Parkside,7,C,Cincinnati,OH,45202,750.00,1.28,956,,,,,,,12.9,1850,,4,3,,,1001 Parkside Llc,1001 Parkside Pl,"Cincinnati, OH 45202-6004",,,Grandin - Parkside,5138717110,1001 Parkside Llc,,,1001 Parkside Pl,"Cincinnati, OH 45202-6004",845,,"1,093",
79 Peete St,,8,C,Cincinnati,OH,45202-8913,,,,,,,,,,4.3,1881,,8,,,,Edina P Rokvic,4224 Richardson Rd,"Independence, KY 41051",Edina Rokvic,8596559300,,,ROKBIC LLC,,,,,,,,
1324 Pendleton St,,6,F,Cincinnati,OH,45202-7458,,,,,,,,,,4.3,,,,,,,Frederick Louis Kundrata III,3706 Woodside Dr,"Traverse City, MI 49684",Frederick Kundrata,5134178466,,,,,,,,,,,
1325 Pendleton St,,14,C,Cincinnati,OH,45202,757.00,0.80,605,,,,,,,,1888,,4,4,,,Historic Limited Liability Company,2575 Queen City Ave,"Cincinnati, OH 45238    ",Alfred Berger,5136628804,Historic Limited Liability Company,5136628804,Historic Limited Liability Company,,5136628804,2575 Queen City Ave,"Cincinnati, OH 45238    ",634,473,769,
1526-1528 Pleasant St,,48,C,Cincinnati,OH,45202-6997,,,,,,,,,,3.3,1900,,,,,,"The Model Group, Inc.",1826 Race St Suite # 100,"Cincinnati, OH 45202-7720",,5135590048,Brickstone Properties,5134216999,Magnolia Heights Limited Partn,,,2170 Gilbert Ave,"Cincinnati, OH 45206-3042",,,,
1533 Pleasant St,,6,C,Cincinnati,OH,45202,,,,,,,,,,4.3,,,,,,,Richard D Herndon,6771 Kenwood Rd,"Cincinnati, OH 45201",,5137920442,,,Otr Housing Group Llc,,,3441 Observatory Pl,"Cincinnati, OH 45208-2563",,,,
1606-1608 Pleasant St,,12,C,Cincinnati,OH,45202,,,,,,,,,,4.3,1875,,12,,,,3CDC,1203 Walnut St Suite # 4 Floor,"Cincinnati, OH 45202-7153",,5136214400,,,Otr Holdings Inc,,6144427637,1203 Walnut St Suite # 4,"Cincinnati, OH 45202-7153",,,,
1701 Pleasant St,,6,C,Cincinnati,OH,45202-6413,,,,,,,,,,4.3,,,,,,,Jennifer Grace Lemasters,1718 Pleasant St,"Cincinnati, OH 45201",Jennifer Lemasters,5137038553,,,Urban Studio Llc,,,2200 Victory Pky,"Cincinnati, OH 45206-2837",,,,
700-704 Race St,Groton Lofts,48,C,Cincinnati,OH,45202-4305,984.00,1.37,"1,352",,,,,,,2.1,,,21,20,,,City Of Cincinnati,801 Plum St,"Cincinnati, OH 45202    ",,5133523250,Towne - Groton Lofts,5136511661,Cincinnati City Of,,,801 Plum St,"Cincinnati, OH 45202","1,275",947,"1,567",
817-819 Race St,,15,C,Cincinnati,OH,45202-2005,,,,,,,,,,4.3,1925,,15,,,,WMC Group LLC,411 Oak St Suite # 3rd fl,"Cincinnati, OH 45219    ",,5135698376,Symphony Property Management,5135698376,WMC Group LLC,,,411 Oak St,"Cincinnati, OH 45219    ",,,,
1214 Race St,,12,C,Cincinnati,OH,45202-7109,,,,,,,,,,4.3,,,,,,,1214 Race Llc,14 W 15th St,"Cincinnati, OH 45202-7006",,,,,1214 Race Llc,,,14 W 15th St,"Cincinnati, OH 45202-7006",,,,
1320 Race St,,8,C,Cincinnati,OH,45202-7111,,,,,,,,,,4.3,,,,,,,1320 Race Street Llc,1320 Race St,"Cincinnati, OH 45202",Shein Mei Li,5137518039,,,1320 Race Street Llc,,5137518039,1320 Race St,"Cincinnati, OH 45202",,,,
1418 Race St,,6,C,Cincinnati,OH,45202-7050,,,,,,,,,,4.3,,,,,,,Cincinnati Center City Development Corp,1203 Walnut St,"Cincinnati, OH 45202-7153",Tyler Zurick,5136214400,,,Otr Holdings Inc,,,1014 Vine St,"Cincinnati, OH 45202-1119",,,,
1421-1423 Race St,,9,C,Cincinnati,OH,45202-7051,,,,,,,,,,4.3,,,,,,,Martha Dorff,121 W 14th St,"Cincinnati, OH 45202",Martha Dorff,5137214000,,,Urbanis Llc,,,124 14th,"Cincinnati, OH 45202",,,,
1438 Race St,,6,C,Cincinnati,OH,45202-7091,,,,,,,,,,4.3,,,,,,,Cincinnati Center City Development Corp,1203 Walnut St,"Cincinnati, OH 45202-7153",Tyler Zurick,5136214400,,,Otr Holdings Inc,,,1014 Vine St,"Cincinnati, OH 45202-1119",,,,
1510 Race St,,9,C,Cincinnati,OH,45202-7046,,,,,,,,,,4.3,,,,,,,Cincinnati Center City Development Corp,1203 Walnut St,"Cincinnati, OH 45202-7153",Tyler Zurick,5136214400,,,Otr Holdings Inc,,,1014 Vine St,"Cincinnati, OH 45202    ",,,,
1527 Race St,,6,C,Cincinnati,OH,45202-7047,,,,,,,,,,4.3,,,,,,,Cincinnati Center City Development Corp,1203 Walnut St,"Cincinnati, OH 45202-7153",Tyler Zurick,5136214400,,,15th & Race Llc,,5136214400,1410 Race St,"Cincinnati, OH 45202-7010",,,,
1529 Race St,,6,C,Cincinnati,OH,45202-7011,,,,,,,,,,4.3,,,,,,,Cincinnati Center City Development Corp,1203 Walnut St,"Cincinnati, OH 45202-7153",Tyler Zurick,5136214400,,,15th & Race Llc,,5136214400,1410 Race St,"Cincinnati, OH 45202-7010",,,,
1533-1535 Race St,,6,C,Cincinnati,OH,45202-7048,,,,,,,,,,4.3,,,,,,,Cincinnati Center City Development Corp,1203 Walnut St,"Cincinnati, OH 45202-7153",Tyler Zurick,5136214400,,,15th & Race Llc,,,1410 Race St,"Cincinnati, OH 45202-7010",,,,
1616 Race St,,10,C,Cincinnati,OH,45202-5920,,,,,,,,,,4.3,,,,,,,Ayana Lovette Sloan,7209 Brookcrest Dr,"Cincinnati, OH 45237",Ayana Sloan,5138510869,,,Race Republic & Green Llc,,,1616 Race St,"Cincinnati, OH 45202",,,,
1620 Race St,,7,C,Cincinnati,OH,45202-6416,,,,,,,,,,4.3,,,,,,,Ayana Lovette Sloan,7209 Brookcrest Dr,"Cincinnati, OH 45237",Ayana Sloan,5138510869,,,Race Republic,,,1115 Pendleton St,"Cincinnati, OH 45202",,,,
1705 Race St,,6,C,Cincinnati,OH,45202,"1,133.00",0.48,541,,,,,,,1.4,1875,,,2,4,,KMK Service Corp,One E Fourth St,"Cincinnati, OH 45202    ",Brian Muething,5135796400,,,Elm Street Acquisition Llc,,,,,,,651,485
1708 Race St,,8,C,Cincinnati,OH,45202-6466,,,,,,,,,,4.3,,,,,,,Cincinnati Metropolitan Housing Authority,1627 Western Ave,"Cincinnati, OH 45214-2001",,5137214580,,,Cincinnati Metropolitan Housing Authority,,,16 Central Pky,"Cincinnati, OH 45202    ",,,,
1900-1902 Race St,,13,C,Cincinnati,OH,45202-7734,,,,,,,,,,4.3,,,,,,,Frederick J. Caspar,10 SW Courthouse Plz,"Dayton, OH 45402    ",Frederick Caspar,9374492818,,,Northside Revitalization Llc,,,2170 Gilbert Ave,"Cincinnati, OH 45206-3042",,,,
1936-1942 Race St,,17,C,Cincinnati,OH,45202-7779,,,,,,,,,,4.3,1870,,,14,3,,Port of Greater Cincinnati Development Authority,3 E Fourth St Suite # 300,"Cincinnati, OH 45202-3728",Laura Brunner,5136213000,,,Port of Greater Cincinnati Development Authority,,5136213000,3 E 4th St Suite # 600,"Cincinnati, OH 45202    ",,,,
610 Reading Rd,Pendleton Apartments,15,C,Cincinnati,OH,45202-1409,,,,,,,,,,3.3,,,15,,,,Pendleton Housing Partners Lp,,,,,,,Pendleton Housing Partners Lp,,,,,,,,
2201 Reading Rd,Urban Crossing,12,C,Cincinnati,OH,45202-1435,"1,077.00",1.17,"1,260",,,,,,,4.3,1928,,,12,,,Heritage Hill Property Management,8837 Chapel Square Dr Suite # 1A,"Cincinnati, OH 45249",Sean Blythe,5137705643,Heritage Hill - Urban Crossing,5139700589,Heritage Hill - Urban Crossing,,5139700589,9884 Reading Rd,"Cincinnati, OH 45241    ",,,"1,260",
2224 Reading Rd,,7,C,Cincinnati,OH,45202-1436,,,,,,,,,,4.3,,,,,,,P W Realty Holding Llc,PO BOX 68113,"CINCINNATI, OH 45206",,,,,P W Realty Holding Llc,,,PO BOX 68113,"CINCINNATI, OH 45206",,,,
2232 Reading Rd,,6,C,Cincinnati,OH,45202-1437,,,,,,,,,,4.3,,,,,,,,,,,,,,,,,,,,,,
1317 Republic Ave,,12,C,Cincinnati,OH,45202,,,,,,,,,,3.3,1885,,,,,,Wyant H Margaret,2026 Madison Rd,"Cincinnati, OH 45208    ",,5133211660,,,Grandin Co Ltd,,,1308 Race St,"Cincinnati, OH 45202-7111",,,,
1223 Republic St,,20,C,Cincinnati,OH,45202-5815,,,,,,,,,,3.3,1883,,,,,,"The Model Group, Inc.",1826 Race St Suite # 100,"Cincinnati, OH 45202-7720",,5135590048,Brickstone Properties,5134216999,Washington Park Housing,,,105 E 4th St,"Cincinnati, OH 45202-4009",,,,
1225-1227 Republic St,,43,C,Cincinnati,OH,45202-7112,,,,,,,,,,4.3,1900,,,,,,"The Model Group, Inc.",1826 Race St Suite # 100,"Cincinnati, OH 45202-7720",,5135590048,Brickstone Properties,5134216999,Magnolia Heights Ltd Ptns,,,2170 Gilbert Ave Suite # 100,"Cincinnati, OH 45206-3042",,,,
1303 Republic St,,6,C,Cincinnati,OH,45202-7193,,,,,,,,,,4.3,1885,,6,,,,Cincinnati Center City Development Corp,1203 Walnut St,"Cincinnati, OH 45202-7153",Tyler Zurick,5136214400,,,Urban Legacy VIII  Llc,,,1410 Race St,"Cincinnati, OH 45202-7010",,,,
1307 Republic St,,6,C,Cincinnati,OH,45202-7192,,,,,,,,,,4.3,,,,,,,DORIAN M SPENCE,3930 Red Bud Ave,"Cincinnati, OH 45229",DORIAN SPENCE,6509217604,,,Otr Predevelopment Llc,,,1307 Republic St,"Cincinnati, OH 45202-7192",,,,
1319 Republic St,,6,C,Cincinnati,OH,45202,,,,,,,,,,4.3,,,,,,,Cincinnati Center City Development Corp,1203 Walnut St,"Cincinnati, OH 45202-7153",Tyler Zurick,5136214400,,,Otr Holdings Inc,,,1410 Race St,"Cincinnati, OH 45202-7010",,,,
1328-1330 Republic St,,12,C,Cincinnati,OH,45202-7188,,,,,,,,,,4.3,,,,,,,Brett Steven Niehauser,1328 Republic St,"Cincinnati, OH 45202",Brett Niehauser,5139222670,,,,,,,,,,,
1405 Republic St,Beasley Place,13,C,Cincinnati,OH,45202-7013,924.00,0.66,608,,,,,,,7.0,,2015,6,4,3,,Over The Rhine Community Housing,114 W 14th St,"Cincinnati, OH 45202",,5133811171,OTRCH- Beasley Place,5133811171,Race Street Tenant,,,114 W 14th St,"Cincinnati, OH 45202",479,,644,817
1406 Republic St,,6,B,Cincinnati,OH,45202,,,,,,,,,,4.3,1925,,6,,,,Cincinnati Center City Development Corp,1203 Walnut St,"Cincinnati, OH 45202-7153",Tyler Zurick,5136214400,,,Urban Legacy VIII  Llc,,,1410 Race St,"Cincinnati, OH 45202-7010",,,,
1424 Republic St,,7,C,Cincinnati,OH,45202-7070,,,,,,,,,,4.3,,,,,,,Over The Rhine Community Housing,114 W 14th St,"Cincinnati, OH 45202",,5133811171,,,Race St Tenant Org Coop,,,114 W 14th St,"Cincinnati, OH 45202",,,,
1513-1515 Republic St,,6,C,Cincinnati,OH,45202-7043,,,,,,,,,,4.3,,,6,,,,Cincinnati Center City Development Corp,1203 Walnut St,"Cincinnati, OH 45202-7153",Tyler Zurick,5136214400,,,Otr Holdings Inc,,,1014 Vine St,"Cincinnati, OH 45202-1119",,,,
1523 Republic St,,9,C,Cincinnati,OH,45202,,,,,,,,,,,,2016,,,,,Cincinnati Center City Development Corp,1203 Walnut St,"Cincinnati, OH 45202-7153",Tyler Zurick,5136214400,,,Otr Holdings Inc,,,1014 Vine St,"Cincinnati, OH 45202    ",,,,
1524-1526 Republic St,,8,C,Cincinnati,OH,45202-7016,,,,,,,,,,4.3,,,,,,,The Joseph House,1522 Republic St,"Cincinnati, OH 45202",Alicia Patterson,5132412965,,,The Joseph House,,5132412965,1522 Republic St,"Cincinnati, OH 45202",,,,
1525 Republic St,,6,C,Cincinnati,OH,45202-7040,,,,,,,,,,4.3,,,,,,,Cincinnati Center City Development Corp,1203 Walnut St,"Cincinnati, OH 45202-7153",Tyler Zurick,5136214400,,,Otr Holdings Inc,,,1014 Vine St,"Cincinnati, OH 45202-1119",,,,
1537 Republic St,,6,C,Cincinnati,OH,45202-7039,,,,,,,,,,4.3,1888,,,,,,Chad Brizendine,4083 Autumn View Ct,"Fenton, MI 48430",Chad Brizendine,8106253036,,,Andrew Amend,,,,,,,,
1635 Republic St,,12,C,Cincinnati,OH,45202-4603,,,,,,,,,,4.3,,,,,,,St Anthony Village Llc,910 E Broad St,"Columbus, OH 43205-1150",,6142698032,,,St Anthony Village Llc,,6142698032,910 E Broad St,"Columbus, OH 43205-1150",,,,
1437 W Republic St,,6,C,Cincinnati,OH,45202-7028,,,,,,,,,,4.3,,,,,,,Bennie M Daniel,2579 Observatory Ave,"Cincinnati, OH 45208",Bennie Daniel,5137211350,,,,,,,,,,,
2467-2475 Riverside Dr,,9,C,Cincinnati,OH,45202,,,,,,,,,,,,,,,,,SPAETH C G LIVING TRUST,1560 Citadel Pl,"Cincinnati, OH 45255-2681",,,Brickstone Properties,5134216999,SPAETH C G LIVING TRUST,,,1560 Citadel Pl,"Cincinnati, OH 45255-2681",,,,
2526 Riverside Dr,,6,F,Cincinnati,OH,45202,,,,,,,,,,3.7,,,,,,,P J C Inc,1829 CAREW TOWER,"CINCINNATI, OH 45202",,,,,P J C Inc,,,1829 CAREW TOWER,"CINCINNATI, OH 45202",,,,
1055 Saint Paul Pl,Mt. Adams Apartments,102,C,Cincinnati,OH,45202-6042,743.00,1.69,"1,256",,,,,,,4.9,1978,,53,25,1,,Towne Properties,1055 Saint Paul Pl Suite # 100,"Cincinnati, OH 45202-6042",Adam Bortz,5133818696,Towne - Mt. Adams Apartments,5137512900,Abr Ltd,,,1055 Saint Paul Pl,"Cincinnati, OH 45202","1,206",963,"1,566","2,087"
311 Seitz,Raffel Apartments,11,C,Cincinnati,OH,45202-0938,,,,,,,,,,3.3,1884,,4,4,3,,Nassau Avenue Investments Llc,2170 Gilbert Ave,"Cincinnati, OH 45206-3042",,,"The Community Builders, Inc.",9148211132,Nassau Avenue Investments Llc,,,2170 Gilbert Ave,"Cincinnati, OH 45206-3042",,,,
107 Shillito Pl,,18,C,Cincinnati,OH,45202-2365,982.00,1.24,"1,214",,,,,,,9.4,,,,10,,,Redmont Development Corporation,2220 Gilbert Ave,"Cincinnati, OH 45206",,5137519700,107 Shillito Place,5137519716,613 Race Llc,,,2220 Gilbert Ave,"Cincinnati, OH 45206",,848,"1,499",
1111 Spring St,,10,C,Cincinnati,OH,45202-7416,,,,,,,,,,4.3,,,,,,,Over The Rhine Community Housing,114 W 14th St,"Cincinnati, OH 45202",Mary Burke,5133811171,,,Over The Rhine Housing Network,,,220 E Clifton Ave,"Cincinnati, OH 45202",,,,
634 Sycamore St,Sycamore Place Lofts,105,B,Cincinnati,OH,45202,"1,061.00",1.46,"1,544",,,,,,,10.3,,,60,30,,,North American Properties,212 E Third St Suite # 300,"Cincinnati, OH 45202-5500",Tom Williams,5137212744,NAP - Sycamore Place,5139010009,East 7 Ltd,,,212 E 3rd St,"Cincinnati, OH 45202-5500","1,421","1,147","1,955",
1400 Sycamore St,Holub Apartments Aka Sycamore Manor,8,C,Cincinnati,OH,45202-7383,,,,,,,,,,3.3,,,,,,,"The Model Group, Inc.",1826 Race St Suite # 100,"Cincinnati, OH 45202-7720",,5135590048,Brickstone Properties,5134216999,1400 Sycamore Street Llc,,,2170 Gilbert Ave,"Cincinnati, OH 45206-3042",,,,
1614-1616 Sycamore St,,7,C,Cincinnati,OH,45202-8505,,,,,,,,,,4.3,,,,,,,1610-1616 Sycamore Llc,1210 Louden St,"Cincinnati, OH 45202-1509",,,,,1610-1616 Sycamore Llc,,,1210 Louden St,"Cincinnati, OH 45202-1509",,,,
1641 Sycamore St,,9,C,Cincinnati,OH,45202,"1,011.00",0.87,875,,,,,,,19.8,1900,,2,4,3,,Historic Limited Liability Company,2575 Queen City Ave,"Cincinnati, OH 45238    ",,5136628804,Historic Limited Liability Company,5136628804,Historic Limited Liability Company,,5136628804,2575 Queen City Ave,"Cincinnati, OH 45238    ",735,,"1,038",740
1701 Sycamore St,,14,C,Cincinnati,OH,45202,716.00,1.24,886,,,,,,,18.1,1900,2017,5,8,,,Historic Limited Liability Company,2575 Queen City Ave,"Cincinnati, OH 45238    ",Alfred Berger,5136628804,Historic Limited Liability Company,5136628804,Historic Limited Liability Company,,5136628804,2575 Queen City Ave,"Cincinnati, OH 45238    ",648,850,"1,034",
1719 Sycamore St,,7,C,Cincinnati,OH,45202-0919,,,,,,,,,,4.3,,,,,,,O'Bryan John,2600 Victory Parkway,"Cincinnati, OH 45206",,7403731564,,,,,,,,,,,
212 E Thirteenth St,,6,C,Cincinnati,OH,45202-7369,,,,,,,,,,4.3,,,,,,,Pendleton Housing Partners Lp,,,,,,,Pendleton Housing Partners Lp,,,,,,,,
216 E Thirteenth St,,7,C,Cincinnati,OH,45202-7374,,,,,,,,,,4.3,,,,,,,CSC Lawyers Incorporating Service,50 W Broad St Suite # 1800,"Columbus, OH 43215    ",Steven Hatcher,6146280650,,,Commons On Main,,,1999 Broadway,"Denver, CO 80202-5704",,,,
412 E Thirteenth St,,6,C,Cincinnati,OH,45202-7406,983.00,,,,,,,,,1.4,,,1,2,1,1,"The Model Group, Inc.",1826 Race St Suite # 100,"Cincinnati, OH 45202-7720",,5135590048,Brickstone Properties,5134216999,Lincoln Stargate LP,,,2170 Gilbert Ave Suite # 100,"Cincinnati, OH 45206    ",,,,
503 E Thirteenth St,,10,C,Cincinnati,OH,45202-7489,,,,,,,,,,4.3,,,,,,,George A. Balz,755 Red Bud Ave,"Cincinnati, OH 45229",George Balz,5139196844,,,Sol Pendleton Arts Llc,,,1332 Spring St,"Cincinnati, OH 45202-7421",,,,
505 E Thirteenth St,,6,C,Cincinnati,OH,45202-7487,,,,,,,,,,4.3,,,,,,,Sasikan D Balz,755 Red Bud Ave,"Cincinnati, OH 45229",Sasikan Balz,5136004328,,,,,,,,,,,
509 E Thirteenth St,,7,C,Cincinnati,OH,45202,,,456,,,,,,,4.3,1876,,3,4,,,Comey & Shepherd Realtors,6901 Wooster Pike,"Cincinnati, OH 45227-4426",AnneMarie Daniel,5135615800,,,"Vesuvan, Llc.",,,,,390,,504,
513 E Thirteenth St,,10,C,Cincinnati,OH,45202-7438,,,,,,,,,,4.3,,,,,,,Thomas Alan Feusse,8510 Lucera Loop,"Dublin, OH 43017",Thomas Feusse,6146689609,,,Cutter Historic Apartments Llc,,,6880 Tussing Rd,"Reynoldsburg, OH 43068-4101",,,,
517 E Thirteenth St,,6,C,Cincinnati,OH,45202-7407,,,,,,,,,,4.3,,,,,,,Robert T. Vonallmen,517 E 13th St,"Cincinnati, OH 45202",Robert Vonallmen,5132600646,,,Andrea S Vonallmen,,,517 E 13th St,"Cincinnati, OH 45202-7407",,,,
519 E Thirteenth St,,6,C,Cincinnati,OH,45202-7476,,,,,,,,,,4.3,,,,,,,Kbmc Properties Llc,529 E 13th St,"Cincinnati, OH 45202-9000",Kevin Buelterman,5134518328,,,,,,,,,,,
524 E Thirteenth St,,6,C,Cincinnati,OH,45202-7425,,,,,,,,,,4.3,,,,,,,JIM CASTRUCCI LLC,7390 Drake Rd,"Cincinnati, OH 45243",Linda Klimas,6144679179,,,Sharp Village Annex,,,220 E Clifton Ave,"Cincinnati, OH 45210-1106",,,,
525 E Thirteenth St,,6,C,Cincinnati,OH,45202-7447,,,,,,,,,,4.3,,,,,,,Perviz N. Ervin,852 Clifton Hills Ter,"Cincinnati, OH 45220",Perviz Ervin,5134906479,,,Ervin Perviz,,,3723 Glenmore Ave,"Cincinnati, OH 45211-4720",,,,
529 E Thirteenth St,,8,C,Cincinnati,OH,45202-9000,,,,,,,,,,3.3,1885,,,4,4,,Kbmc Properties Llc,529 E 13th St,"Cincinnati, OH 45202-9000",Kevin Buelterman,5134518328,,,Kbmc Properties Llc,,5134518328,529 E 13th St,"Cincinnati, OH 45202-9000",,,,
531 E Thirteenth St,,6,C,Cincinnati,OH,45202-7407,,,,,,,,,,4.3,,,,,,,Kbmc Properties Llc,529 E 13th St,"Cincinnati, OH 45202-9000",Kevin Buelterman,5134518328,,,,,,,,,,,
533 E Thirteenth St,,18,C,Cincinnati,OH,45202-9001,,,412,,,,,,,4.3,1880,,2,16,,,Rothstein M Steven,3543 Amberacres Dr,"Cincinnati, OH 45237    ",,6148551805,,,Soteria Properties Llc,,,,,329,,422,
535 E Thirteenth St,,8,C,Cincinnati,OH,45202-9002,,,,,,,,,,4.3,,,,,,,Vina Height Llc,214 Wentworth Ave Suite # 2,"Cincinnati, OH 45215",Olukayode Aina,5136739969,,,Soteria Properties Llc,,,Po Box 15134,"Cincinnati, OH 45215-0134",,,,
543 E Thirteenth St,,6,C,Cincinnati,OH,45202-7488,,,,,,,,,,4.3,,,,,,,JG Fay LLC,1320 Broadway St,"Cincinnati, OH 45202",Julie Fay,5136219508,,,Carrie B Smith,,,541 E 13th St,"Cincinnati, OH 45202-7486",,,,
555 E Thirteenth St,,10,C,Cincinnati,OH,45202-7497,,,,,,,,,,4.3,,,,,,,Robert O. Reider,26 W Elder St,"Cincinnati, OH 45202-4912",Robert Reider,5133772861,,,Broadway Square Iv Llc,,,1826 Race St,"Cincinnati, OH 45202-7720",,,,
515 E Twelfth St,,6,C,Cincinnati,OH,45202,,,653,,,,,,,4.3,1875,,1,2,3,,BROADWAY SQUARE III LLC,1826 Race St,"Cincinnati, OH 45202-7720",RObert Maly,5132603463,Brickstone Properties,5134216999,,,,,,465,,627,727
521-523 E Twelfth St,,8,F,Cincinnati,OH,45202,,,,,,,,,,3.3,1880,,8,,,,"The Model Group, Inc.",1826 Race St Suite # 100,"Cincinnati, OH 45202-7720",Bobby Maly,5135590048,Brickstone Properties,5134216999,"Losantiville Buildings, LLC",,5135590043,2170 Gilbert Ave,"Cincinnati, OH 45206-3042",,,,
526 E Twelfth St,,8,C,Cincinnati,OH,45202-7423,,,,,,,,,,4.3,,,,,,,Pendleton Dev I Llc,1209 Sycamore St,"Cincinnati, OH 45202-7320",,5136512901,,,Pendleton Dev I Llc,,5136512901,1209 Sycamore St,"Cincinnati, OH 45202-7320",,,,
25 W Twelfth St,,39,C,Cincinnati,OH,45202-7205,,,,,,,,,,3.3,,,,,,,Tender Mercies Inc,27 West 12th St,"Cincinnati, OH 45202",Russell Winters,5137218666,,,Tender Mercies 12th St,,,PO BOX 14465,"CINCINNATI, OH 45250",,,,
309 Vine St,City Club Apartments,294,B,Cincinnati,OH,45202-3524,859.00,2.03,"1,743",,,,,,,,1928,2018,118,76,10,,"City Club Apartments, LLC",31700 Middlebelt Rd Suite # 140,"Farmington Hills, MI 48334-2373",,2483853727,City Club - City Club Apartments,5132337449,Port of Greater Cincinnati Development Authority,,5136213000,3 E Fourth St Suite # 300,"Cincinnati, OH 45202-3728","1,597","1,312","2,202","3,784"
1201 Vine St,,9,C,Cincinnati,OH,45202-7169,,,,,,,,,,4.3,1900,,,,,,Dein Haus Holdings Llc,1201 Vine St,"Cincinnati, OH 45202-7169",Michael Deininger,5133250158,,,Dein Haus Holdings Llc,,5133250158,1201 Vine St,"Cincinnati, OH 45202-7169",,,,
1207-1209 Vine St,,10,C,Cincinnati,OH,45202-7284,,,,,,,,,,4.3,1900,,,,,,"1200 Vine, LLC",308 E 8th St,"Cincinnati, OH 45202-2204",Daniel Bennie,5133217825,,,"1200 Vine, LLC",,5133217825,308 E 8th St,"Cincinnati, OH 45202-2204",,,,
1326 Vine St,,21,C,Cincinnati,OH,45202-7622,774.00,,,,,,,,,,,,5,5,5,,"The Model Group, Inc.",1826 Race St Suite # 100,"Cincinnati, OH 45202-7720",,5135590048,,,Trinity Flats Llc,,,2170 Gilbert Ave,"Cincinnati, OH 45206    ",,,,
1344 Vine St,Magnolia Heights,10,C,Cincinnati,OH,45202-7145,,,,,,,,,,3.3,,,,,,,"The Model Group, Inc.",1826 Race St Suite # 100,"Cincinnati, OH 45202-7720",,5135590048,Brickstone Properties,5134216999,Magnolia Heights Limited Partnership,,,2170 Gilbert Ave,"Cincinnati, OH 45206    ",,,,
1505-1507 Vine St,Perseverance,32,C,Cincinnati,OH,45202,"1,001.00",1.08,"1,078",,,,,,,,2021,,10,12,10,,Cincinnati Center City Development Corp,1203 Walnut St,"Cincinnati, OH 45202-7153",Adam Gelter,5136214400,OTRCH - Perseverance,5133811171,Perseverance Commercial Llc,,,1203 Walnut St,"Cincinnati, OH 45202",728,,"1,154","1,325"
1629 Vine St,,6,C,Cincinnati,OH,45202-6474,"1,000.00",,,,,,,,,,1935,,6,,,,Cincinnati Center City Development Corp,1203 Walnut St,"Cincinnati, OH 45202-7153",,5136214400,,,Elm Street Acquisition Llc,,,1203 Walnut St,"Cincinnati, OH 45202-7153",,,,
1703 Vine St,,7,C,Cincinnati,OH,45202-6424,,,,,,,,,,4.3,,,,,,,Property Acquisition Group Llc,311 E 13th St,"Cincinnati, OH 45202-7303",Lori Lindsay,5133710750,,,,,,,,,,,
1704 Vine St,,7,C,Cincinnati,OH,45202-4620,983.00,,,,,,,,,1.2,,,1,3,1,1,"The Model Group, Inc.",1826 Race St Suite # 100,"Cincinnati, OH 45202-7720",,5135590048,Brickstone Properties,5134216999,Magnolia Heights Limited Partn,,,2170 Gilbert Ave,"Cincinnati, OH 45206-3042",,,,
1732-1734 Vine St,,6,C,Cincinnati,OH,45202,,,,,,,,,,4.3,1890,,,,,,OTR Holdings Inc,255 E 5th St Suite # 1900,"Cincinnati, OH 45202-4700",Andrew Ferris,5139545484,,,Otr Holdings Inc,,6144427637,1203 Walnut St Suite # 4,"Cincinnati, OH 45202-7153",,,,
1930 Vine St,,8,C,Cincinnati,OH,45202-4936,,,,,,,,,,4.3,,,,,,,Over The Rhine Community Housing,114 W 14th St,"Cincinnati, OH 45202",,5133811171,,,North Rhine Ii,,,114 W 14th St,"Cincinnati, OH 45202",,,,
2017 Vine St,,6,C,Cincinnati,OH,45202-4940,,,,,,,,,,3.3,,,,,,,"The Model Group, Inc.",1826 Race St Suite # 100,"Cincinnati, OH 45202-7720",,5135590048,Brickstone Properties,5134216999,North Thine Heights Limited Partnership,,,2170 Gilbert Ave,"Cincinnati, OH 45206",,,,
1857 Walker St,,14,C,Cincinnati,OH,45202-0923,,,571,,,,,,,4.3,1870,,7,7,,,The Tamarkin Co.,375 Victoria Rd,"Youngstown, OH 44515    ",Jerry Tamarkin,3307923811,1857 Walker St,,Tamarkin Ivan L Trust,,,312 Burns Ave,"Wyoming, OH 45215",502,,637,
898 Walnut St,Walnut Towers Apartments,104,C,Cincinnati,OH,45202-2000,650.00,1.10,715,,,,,,,3.1,1926,,104,,,,Walnut Towers Ltd,898 Walnut St Suite # 1302,"Cincinnati, OH 45202-2000",Winston Folkers,5136213387,Folkers - Walnut Towers Apartments,5136213387,Walnut Towers LTD,,,1100 Mar West St,"Belvedere Tiburon, CA 94920    ",712,,,
1119 Walnut St,,8,C,Cincinnati,OH,45202-7241,,,,,,,,,,4.3,,,,,,,Lets Live Llc,78 Casagrande St,"Fort Thomas, KY 41075",Jason Young,8597430160,,,Lets Live Llc,,8597430160,78 Casagrande St,"Fort Thomas, KY 41075",,,,
1218 Walnut St,,7,C,Cincinnati,OH,45202-5833,,,,,,,,,,4.3,,,,,,,Western & Southern Life,400 Broadway,"Cincinnati, OH 45202-3312",,8773679734,,,Otr Housing Associates,,,400 Broadway St,"Cincinnati, OH 45202-3312",,,,
1232 Walnut St,,21,C,Cincinnati,OH,45202-7154,,,,,,,,,,,,,,,,,Western & Southern Life,400 Broadway,"Cincinnati, OH 45202-3312",,8773679734,1232 Walnut St,5133617700,Otr Housing Associates,,5133617714,400 Broadway St,"Cincinnati, OH 45202-3312",,,,
1308 Walnut St,,21,C,Cincinnati,OH,45202-7121,,,,,,,,,,4.3,,,,,,,Western & Southern Life,400 Broadway,"Cincinnati, OH 45202-3312",,8773679734,,,Otr Housing Associates,,,400 Broadway St,"Cincinnati, OH 45202-3312",,,,
1334-1340 Walnut St,,7,C,Cincinnati,OH,45202-5813,,,,,,,,,,4.3,,,,,,,Mario San Marco,421 Rth St E,"Cincinnati, OH 45202",Mario Marco,5136291800,,,,,,,,,,,
1342 Walnut St,,8,C,Cincinnati,OH,45202,,,,,,,,,,4.3,,,,,,,Juan Imeroni,2945 Alpine Ter,"Cincinnati, OH 45208",,5132381294,,,Juan Imeroni,,,,,,,,
1346 Walnut St,,8,C,Cincinnati,OH,45202-7180,,,,,,,,,,4.3,,,,,,,Western & Southern Life,400 Broadway,"Cincinnati, OH 45202-3312",,8773679734,,,Otr Housing Associates,,,400 Broadway St,"Cincinnati, OH 45202-3312",,,,
1406 Walnut St,,6,C,Cincinnati,OH,45202-7619,,,,,,,,,,4.3,,,,,,,BSG2 LLC BSG2 LLC,1209 Sycamore St,"Cincinnati, OH 45202-7320",Randall Smith,7655808284,,,Middle Earth Over The,,,PO BOX 14058,"CINCINNATI, OH 45250",,,,
1410 Walnut St,,6,C,Cincinnati,OH,45202,,,,,,,,,,4.3,,,,,,,Urban Sites Properties,1209 Sycamore St,"Cincinnati, OH 45202-7320",,5136216246,,,Urban Sites Llc,,,6225 Ridge Ave,"Cincinnati, OH 45213    ",,,,
1412 Walnut St,,6,C,Cincinnati,OH,45202-7778,,,,,,,,,,4.3,,,,,,,Urban Sites Properties,1209 Sycamore St,"Cincinnati, OH 45202-7320",,5136216246,,,BSG2 LLC,,,1209 Sycamore St,"Cincinnati, OH 45202-7320",,,,
1628 Walnut St,,6,C,Cincinnati,OH,45202-6613,,,,,,,,,,4.3,1860,,,,,,CACTUS CAT LLC,131 E McMicken Ave,"Cincinnati, OH 45202-6520",James Fischer,5136283685,,,Lionquest Diversified,,,1211 Chesapeake St,"Covington, KY 41011",,,,
1302 E Walnut St,,9,C,Cincinnati,OH,45202-7602,,,,,,,,,,4.3,,,,,,,Eagle Realty Group,400 Broadway St,"Cincinnati, OH 45202-3312",,5136291800,,,,,,,,,,,
209 Woodward St,,10,C,Cincinnati,OH,45202,,,,,,,,,,4.3,,,,,,,Urban Sites Properties,1209 Sycamore St,"Cincinnati, OH 45202-7320",,5136216246,,,209 Limited,,,1429 Walnut St,"Cincinnati, OH 45202-7618",,,,
124 E 7th St,,35,B,Cincinnati,OH,45202-2528,733.00,,,,,,,,,,2023,,35,,,,,,,,,Rookwood - 124 E 7th St,5134696580,,,,,,,,,
1342 Broadway St,Burdsal Apartments,6,C,Cincinnati,OH,45202-7315,845.00,1.90,"1,609",,,,,,,4.3,1984,,6,,,,"Downton, Charles",1342 Broadway St,"Cincinnati, OH 45202-7315",,2393944323,Patmour Property Management,2406001977,,,,,,"1,600",,,
20 E Central Pky,Hale Justis Lofts,30,C,Cincinnati,OH,45202-7239,"1,358.00",1.09,"1,487",,,,,,,1.7,1930,,10,15,,,Hale Justis Lofts,2321 Kemper Ln,"Cincinnati, OH 45206-2890",,5135331151,Roslyn - Hale Justice Lofts,5136467508,Hale Justis Lofts,,5135331151,2321 Kemper Ln,"Cincinnati, OH 45206-2890","1,255","1,330","1,688",
1261 Ida St,Ida Street Lofts,7,C,Cincinnati,OH,45202-1587,586.00,,,,,,,,,4.3,,,3,1,,,Trilogy Properties Llc,1433 E McMillan St,"Cincinnati, OH 45206-2281",,,Paradrome - Ida Street Lofts,5138611000,Trilogy Properties Llc,,,1433 E McMillan St,"Cincinnati, OH 45206-2281",,,,
2124 Loth St,,6,C,Cincinnati,OH,45202,,,,,,,,,,,2022,,,6,,,,,,,,,,,,,,,,,,
962 Pavilion St,,6,C,Cincinnati,OH,45202-1726,,,,,,,,,,4.3,1900,1985,4,2,,,,,,,,,,,,,,,,,,
1630 Pleasant St,,7,B,Cincinnati,OH,45202-6921,,,,,,,,,,4.3,,,,,,,Over The Rhine Community Housing,114 W 14th St,"Cincinnati, OH 45202",Mary Burke,5133811171,,,,,,,,,,,
1222 Race St,Park Hall,6,C,Cincinnati,OH,45202-8108,"1,200.00",,,,,,,,,4.3,,,,6,,,Michael C & Catherine C Stehlin,1222 Race St,"Cincinnati, OH 45202    ",Michael Stehlin,5137840002,Park Hall,5137849522,Michael C & Catherine C Stehlin,,5137840002,1222 Race St,"Cincinnati, OH 45202    ",,,,
215 Wade St,,8,B,Cincinnati,OH,45202-6922,770.00,,,,,,,,,18.8,2021,,8,,,,,,,,,,,,,,,,,,,